{"meta": {"version": "6.2", "timestamp": "2022-01-26T23:51:27.316682", "branch_coverage": true, "show_contexts": false}, "files": {"core/decorators.py": {"executed_lines": [2, 3, 4, 5, 6, 7, 8, 9, 10, 11, 12, 15, 18, 23, 26, 29, 30, 31, 32, 33, 35, 38, 42, 43, 44, 45, 46, 47, 48, 49, 51, 54, 58, 59, 71, 74, 77, 84, 87, 90, 96, 99, 102, 109, 112, 115, 116, 118, 120, 123, 126, 133, 136, 139, 140, 141, 142, 143, 144, 147, 148, 150], "summary": {"covered_lines": 62, "num_statements": 95, "percent_covered": 58.26086956521739, "percent_covered_display": "58", "missing_lines": 33, "excluded_lines": 0, "num_branches": 20, "num_partial_branches": 1, "covered_branches": 5, "missing_branches": 15}, "missing_lines": [19, 20, 21, 60, 61, 62, 63, 64, 65, 66, 67, 68, 69, 78, 79, 80, 81, 82, 91, 92, 93, 94, 103, 104, 105, 106, 107, 117, 127, 128, 129, 130, 131], "excluded_lines": []}, "core/management/commands/wait_for_db.py": {"executed_lines": [1, 2, 3, 4, 7, 8, 9, 10, 11, 12, 13, 15, 17, 18, 19, 20], "summary": {"covered_lines": 15, "num_statements": 15, "percent_covered": 100.0, "percent_covered_display": "100", "missing_lines": 0, "excluded_lines": 0, "num_branches": 4, "num_partial_branches": 0, "covered_branches": 4, "missing_branches": 0}, "missing_lines": [], "excluded_lines": []}, "core/views.py": {"executed_lines": [1, 2, 3, 4, 5, 7, 8, 9, 12, 13, 14, 15, 17, 18, 19, 20, 21, 22, 23, 25, 26, 27, 28, 29, 30, 32, 34, 35, 44, 45, 51, 53, 61, 62, 64, 65, 66, 67, 68, 70, 73, 74, 75, 76, 78, 79, 82, 84], "summary": {"covered_lines": 47, "num_statements": 49, "percent_covered": 97.01492537313433, "percent_covered_display": "97", "missing_lines": 2, "excluded_lines": 0, "num_branches": 18, "num_partial_branches": 0, "covered_branches": 18, "missing_branches": 0}, "missing_lines": [46, 47], "excluded_lines": []}, "gestionecampionato/caricamentovoti/ImportVoti.py": {"executed_lines": [1, 2, 3, 4, 5, 6, 7, 10, 12, 15, 33, 34, 66, 67], "summary": {"covered_lines": 14, "num_statements": 45, "percent_covered": 32.6530612244898, "percent_covered_display": "33", "missing_lines": 31, "excluded_lines": 0, "num_branches": 4, "num_partial_branches": 0, "covered_branches": 2, "missing_branches": 2}, "missing_lines": [13, 16, 17, 18, 19, 20, 21, 22, 24, 25, 27, 28, 29, 30, 31, 35, 37, 38, 39, 40, 41, 59, 60, 61, 62, 63, 64, 68, 69, 70, 71], "excluded_lines": []}, "gestionecampionato/commandpattern/command.py": {"executed_lines": [1, 2, 4, 5, 9, 10], "summary": {"covered_lines": 5, "num_statements": 6, "percent_covered": 87.5, "percent_covered_display": "88", "missing_lines": 1, "excluded_lines": 0, "num_branches": 2, "num_partial_branches": 0, "covered_branches": 2, "missing_branches": 0}, "missing_lines": [11], "excluded_lines": []}, "gestionecampionato/commandpattern/generacalendariocommand.py": {"executed_lines": [1, 2, 3, 5, 6, 11, 12, 13, 15, 19], "summary": {"covered_lines": 9, "num_statements": 9, "percent_covered": 100.0, "percent_covered_display": "100", "missing_lines": 0, "excluded_lines": 0, "num_branches": 2, "num_partial_branches": 0, "covered_branches": 2, "missing_branches": 0}, "missing_lines": [], "excluded_lines": []}, "gestionecampionato/commandpattern/invoker.py": {"executed_lines": [1, 4, 5, 10, 16, 17, 19, 24, 25], "summary": {"covered_lines": 8, "num_statements": 8, "percent_covered": 91.66666666666667, "percent_covered_display": "92", "missing_lines": 0, "excluded_lines": 0, "num_branches": 4, "num_partial_branches": 1, "covered_branches": 3, "missing_branches": 1}, "missing_lines": [], "excluded_lines": []}, "gestionecampionato/commandpattern/receiver.py": {"executed_lines": [2, 3, 4, 5, 6, 7, 8, 9, 10, 11, 14, 15, 20, 29, 32, 33, 35, 36, 37, 38, 40, 42, 44, 46, 47, 48, 49, 50, 51, 52, 53, 54, 55], "summary": {"covered_lines": 32, "num_statements": 32, "percent_covered": 100.0, "percent_covered_display": "100", "missing_lines": 0, "excluded_lines": 0, "num_branches": 10, "num_partial_branches": 0, "covered_branches": 10, "missing_branches": 0}, "missing_lines": [], "excluded_lines": []}, "gestionecampionato/exceptions.py": {"executed_lines": [1, 2, 4, 7, 8, 10, 13, 14, 16, 19, 20, 22], "summary": {"covered_lines": 8, "num_statements": 8, "percent_covered": 100.0, "percent_covered_display": "100", "missing_lines": 0, "excluded_lines": 0, "num_branches": 8, "num_partial_branches": 0, "covered_branches": 8, "missing_branches": 0}, "missing_lines": [], "excluded_lines": []}, "gestionecampionato/facadepattern/facade.py": {"executed_lines": [1, 3, 4, 5, 7, 8, 11, 12, 20, 29, 38, 39, 45, 55, 103, 104, 107, 108, 111, 112, 115, 116], "summary": {"covered_lines": 20, "num_statements": 66, "percent_covered": 28.571428571428573, "percent_covered_display": "29", "missing_lines": 46, "excluded_lines": 0, "num_branches": 18, "num_partial_branches": 0, "covered_branches": 4, "missing_branches": 14}, "missing_lines": [27, 35, 46, 47, 48, 49, 50, 51, 52, 53, 57, 58, 60, 63, 65, 66, 67, 68, 70, 71, 73, 74, 75, 76, 78, 79, 80, 81, 83, 86, 87, 89, 91, 92, 93, 94, 95, 96, 97, 98, 99, 101, 105, 109, 113, 117], "excluded_lines": []}, "gestionecampionato/forms.py": {"executed_lines": [1, 2, 3, 4, 6, 8, 10, 12, 13, 14, 19, 21, 22, 23, 24, 29, 30, 35, 40, 41, 42, 44, 46, 47, 48, 49, 50, 51, 52, 55, 56, 57, 59, 60, 61, 63, 64, 66, 75, 76, 77, 101, 102, 103, 105, 106, 107, 108, 110, 111, 112, 114, 123, 124, 125], "summary": {"covered_lines": 51, "num_statements": 82, "percent_covered": 60.16949152542373, "percent_covered_display": "60", "missing_lines": 31, "excluded_lines": 0, "num_branches": 36, "num_partial_branches": 0, "covered_branches": 20, "missing_branches": 16}, "missing_lines": [68, 69, 70, 72, 84, 86, 87, 89, 90, 91, 92, 93, 94, 95, 97, 98, 116, 117, 118, 120, 132, 134, 135, 137, 138, 139, 140, 141, 142, 144, 145], "excluded_lines": []}, "gestionecampionato/views.py": {"executed_lines": [1, 2, 3, 4, 5, 6, 7, 8, 9, 10, 12, 13, 14, 15, 16, 18, 19, 20, 21, 22, 24, 27, 28, 29, 30, 31, 32, 33, 34, 35, 38, 39, 40, 41, 42, 43, 44, 45, 46, 49, 50, 51, 52, 53, 55, 57, 58, 60, 61, 62, 64, 65, 67, 69, 70, 71, 73, 74, 75, 76, 77, 78, 79, 83, 84, 85, 87, 88, 89, 90, 93, 95, 100, 101, 102, 104, 106, 107, 108, 110, 111, 112, 113, 115, 117, 119, 121, 124, 130, 151, 152, 154, 156, 157, 160, 162, 165, 167, 169, 171, 173, 176, 181, 201, 202, 204, 211, 219, 220, 222, 266, 267, 268, 270], "summary": {"covered_lines": 109, "num_statements": 154, "percent_covered": 72.58064516129032, "percent_covered_display": "73", "missing_lines": 45, "excluded_lines": 0, "num_branches": 32, "num_partial_branches": 0, "covered_branches": 26, "missing_branches": 6}, "missing_lines": [96, 97, 132, 134, 139, 140, 141, 142, 144, 183, 188, 189, 190, 191, 193, 205, 207, 208, 209, 212, 214, 216, 223, 224, 229, 230, 233, 237, 238, 239, 242, 243, 246, 250, 253, 255, 256, 257, 259, 271, 272, 273, 274, 275, 276], "excluded_lines": []}, "gestionesquadra/exceptions.py": {"executed_lines": [1, 2, 4], "summary": {"covered_lines": 2, "num_statements": 2, "percent_covered": 100.0, "percent_covered_display": "100", "missing_lines": 0, "excluded_lines": 0, "num_branches": 2, "num_partial_branches": 0, "covered_branches": 2, "missing_branches": 0}, "missing_lines": [], "excluded_lines": []}, "gestionesquadra/forms.py": {"executed_lines": [1, 2, 4, 5, 8, 9, 10, 11, 13, 21, 28, 30, 40, 41, 42, 43], "summary": {"covered_lines": 15, "num_statements": 30, "percent_covered": 55.26315789473684, "percent_covered_display": "55", "missing_lines": 15, "excluded_lines": 0, "num_branches": 8, "num_partial_branches": 0, "covered_branches": 6, "missing_branches": 2}, "missing_lines": [14, 17, 18, 19, 22, 23, 24, 25, 31, 32, 33, 35, 36, 37, 38], "excluded_lines": []},